{
  "project_info": {
    "project_number": "255215343282",
    "firebase_url": "https://instagram-clone-28b34-default-rtdb.firebaseio.com",
    "project_id": "instagram-clone-28b34",
    "storage_bucket": "instagram-clone-28b34.appspot.com"
  },
  "client": [
    {
      "client_info": {
        "mobilesdk_app_id": "1:255215343282:android:67b35c6372ffe8d5f2dbab",
        "android_client_info": {
          "package_name": "com.example.instaclone"
        }
      },
      "oauth_client": [],
      "api_key": [
        {
          "current_key": "AIzaSyAqwGj51XE13Csd1XJNIHcLzFIAZhrWI48"
        }
      ],
      "services": {
        "appinvite_service": {
          "other_platform_oauth_client": []
        }
      }
    }
  ],
  "configuration_version": "1"
}